Campaign,Budget,Campaign type,Bid strategy type,CPC bid limit,Ad Group,Keyword,Final URL
"Pegada Carteles Álava","30","Search","Maximize clicks","0.5","Pegada Carteles Vitoria-Gasteiz","[pegada de carteles vitoria-gasteiz]","https://www.urbanstylepublicity.com/pegada-carteles/alava/vitoria"
"Pegada Carteles Álava","30","Search","Maximize clicks","0.5","Pegada Carteles Vitoria-Gasteiz",""pegada de carteles vitoria-gasteiz"","https://www.urbanstylepublicity.com/pegada-carteles/alava/vitoria"
"Pegada Carteles Albacete","30","Search","Maximize clicks","0.5","Pegada Carteles Albacete","[pegada de carteles albacete]","https://www.urbanstylepublicity.com/pegada-carteles/albacete"
"Pegada Carteles Albacete","30","Search","Maximize clicks","0.5","Pegada Carteles Albacete",""pegada de carteles albacete"","https://www.urbanstylepublicity.com/pegada-carteles/albacete"
"Pegada Carteles Alicante","30","Search","Maximize clicks","0.5","Pegada Carteles Alicante","[pegada de carteles alicante]","https://www.urbanstylepublicity.com/pegada-carteles/alicante"
"Pegada Carteles Alicante","30","Search","Maximize clicks","0.5","Pegada Carteles Alicante",""pegada de carteles alicante"","https://www.urbanstylepublicity.com/pegada-carteles/alicante"
"Pegada Carteles Alicante","30","Search","Maximize clicks","0.5","Pegada Carteles Elche","[pegada de carteles elche]","https://www.urbanstylepublicity.com/pegada-carteles/alicante/elche"
"Pegada Carteles Alicante","30","Search","Maximize clicks","0.5","Pegada Carteles Elche",""pegada de carteles elche"","https://www.urbanstylepublicity.com/pegada-carteles/alicante/elche"
"Pegada Carteles Alicante","30","Search","Maximize clicks","0.5","Pegada Carteles Torrevieja","[pegada de carteles torrevieja]","https://www.urbanstylepublicity.com/pegada-carteles/alicante/torrevieja"
"Pegada Carteles Alicante","30","Search","Maximize clicks","0.5","Pegada Carteles Torrevieja",""pegada de carteles torrevieja"","https://www.urbanstylepublicity.com/pegada-carteles/alicante/torrevieja"
"Pegada Carteles Alicante","30","Search","Maximize clicks","0.5","Pegada Carteles Orihuela","[pegada de carteles orihuela]","https://www.urbanstylepublicity.com/pegada-carteles/alicante/orihuela"
"Pegada Carteles Alicante","30","Search","Maximize clicks","0.5","Pegada Carteles Orihuela",""pegada de carteles orihuela"","https://www.urbanstylepublicity.com/pegada-carteles/alicante/orihuela"
"Pegada Carteles Alicante","30","Search","Maximize clicks","0.5","Pegada Carteles Benidorm","[pegada de carteles benidorm]","https://www.urbanstylepublicity.com/pegada-carteles/alicante/benidorm"
"Pegada Carteles Alicante","30","Search","Maximize clicks","0.5","Pegada Carteles Benidorm",""pegada de carteles benidorm"","https://www.urbanstylepublicity.com/pegada-carteles/alicante/benidorm"
"Pegada Carteles Alicante","30","Search","Maximize clicks","0.5","Pegada Carteles Alcoy","[pegada de carteles alcoy]","https://www.urbanstylepublicity.com/pegada-carteles/alicante/alcoy"
"Pegada Carteles Alicante","30","Search","Maximize clicks","0.5","Pegada Carteles Alcoy",""pegada de carteles alcoy"","https://www.urbanstylepublicity.com/pegada-carteles/alicante/alcoy"
"Pegada Carteles Alicante","30","Search","Maximize clicks","0.5","Pegada Carteles S. Vicente Raspeig","[pegada de carteles san vicente del raspeig]","https://www.urbanstylepublicity.com/pegada-carteles/alicante/san-vicente-del-raspeig"
"Pegada Carteles Alicante","30","Search","Maximize clicks","0.5","Pegada Carteles S. Vicente Raspeig",""pegada de carteles san vicente del raspeig"","https://www.urbanstylepublicity.com/pegada-carteles/alicante/san-vicente-del-raspeig"
"Pegada Carteles Alicante","30","Search","Maximize clicks","0.5","Pegada Carteles Elda","[pegada de carteles elda]","https://www.urbanstylepublicity.com/pegada-carteles/alicante/elda"
"Pegada Carteles Alicante","30","Search","Maximize clicks","0.5","Pegada Carteles Elda",""pegada de carteles elda"","https://www.urbanstylepublicity.com/pegada-carteles/alicante/elda"
"Pegada Carteles Almería","30","Search","Maximize clicks","0.5","Pegada Carteles Almería","[pegada de carteles almería]","https://www.urbanstylepublicity.com/pegada-carteles/almeria"
"Pegada Carteles Almería","30","Search","Maximize clicks","0.5","Pegada Carteles Almería",""pegada de carteles almería"","https://www.urbanstylepublicity.com/pegada-carteles/almeria"
"Pegada Carteles Almería","30","Search","Maximize clicks","0.5","Pegada Carteles Roquetas de Mar","[pegada de carteles roquetas de mar]","https://www.urbanstylepublicity.com/pegada-carteles/almeria/roquetas-de-mar"
"Pegada Carteles Almería","30","Search","Maximize clicks","0.5","Pegada Carteles Roquetas de Mar",""pegada de carteles roquetas de mar"","https://www.urbanstylepublicity.com/pegada-carteles/almeria/roquetas-de-mar"
"Pegada Carteles Almería","30","Search","Maximize clicks","0.5","Pegada Carteles El Ejido","[pegada de carteles el ejido]","https://www.urbanstylepublicity.com/pegada-carteles/almeria/el-ejido"
"Pegada Carteles Almería","30","Search","Maximize clicks","0.5","Pegada Carteles El Ejido",""pegada de carteles el ejido"","https://www.urbanstylepublicity.com/pegada-carteles/almeria/el-ejido"
"Pegada Carteles Asturias","30","Search","Maximize clicks","0.5","Pegada Carteles Gijón","[pegada de carteles gijón]","https://www.urbanstylepublicity.com/pegada-carteles/asturias/gijon"
"Pegada Carteles Asturias","30","Search","Maximize clicks","0.5","Pegada Carteles Gijón",""pegada de carteles gijón"","https://www.urbanstylepublicity.com/pegada-carteles/asturias/gijon"
"Pegada Carteles Asturias","30","Search","Maximize clicks","0.5","Pegada Carteles Oviedo","[pegada de carteles oviedo]","https://www.urbanstylepublicity.com/pegada-carteles/asturias/oviedo"
"Pegada Carteles Asturias","30","Search","Maximize clicks","0.5","Pegada Carteles Oviedo",""pegada de carteles oviedo"","https://www.urbanstylepublicity.com/pegada-carteles/asturias/oviedo"
"Pegada Carteles Asturias","30","Search","Maximize clicks","0.5","Pegada Carteles Avilés","[pegada de carteles avilés]","https://www.urbanstylepublicity.com/pegada-carteles/asturias/aviles"
"Pegada Carteles Asturias","30","Search","Maximize clicks","0.5","Pegada Carteles Avilés",""pegada de carteles avilés"","https://www.urbanstylepublicity.com/pegada-carteles/asturias/aviles"
"Pegada Carteles Ávila","30","Search","Maximize clicks","0.5","Pegada Carteles Ávila","[pegada de carteles ávila]","https://www.urbanstylepublicity.com/pegada-carteles/avila"
"Pegada Carteles Ávila","30","Search","Maximize clicks","0.5","Pegada Carteles Ávila",""pegada de carteles ávila"","https://www.urbanstylepublicity.com/pegada-carteles/avila"
"Pegada Carteles Badajoz","30","Search","Maximize clicks","0.5","Pegada Carteles Badajoz","[pegada de carteles badajoz]","https://www.urbanstylepublicity.com/pegada-carteles/badajoz"
"Pegada Carteles Badajoz","30","Search","Maximize clicks","0.5","Pegada Carteles Badajoz",""pegada de carteles badajoz"","https://www.urbanstylepublicity.com/pegada-carteles/badajoz"
"Pegada Carteles Badajoz","30","Search","Maximize clicks","0.5","Pegada Carteles Mérida","[pegada de carteles mérida]","https://www.urbanstylepublicity.com/pegada-carteles/badajoz/merida"
"Pegada Carteles Badajoz","30","Search","Maximize clicks","0.5","Pegada Carteles Mérida",""pegada de carteles mérida"","https://www.urbanstylepublicity.com/pegada-carteles/badajoz/merida"
"Pegada Carteles Badajoz","30","Search","Maximize clicks","0.5","Pegada Carteles Don Benito","[pegada de carteles don benito]","https://www.urbanstylepublicity.com/pegada-carteles/badajoz/don-benito"
"Pegada Carteles Badajoz","30","Search","Maximize clicks","0.5","Pegada Carteles Don Benito",""pegada de carteles don benito"","https://www.urbanstylepublicity.com/pegada-carteles/badajoz/don-benito"
"Pegada Carteles Baleares","30","Search","Maximize clicks","0.5","Pegada Carteles Palma de Mallorca","[pegada de carteles palma de mallorca]","https://www.urbanstylepublicity.com/pegada-carteles/baleares/palma"
"Pegada Carteles Baleares","30","Search","Maximize clicks","0.5","Pegada Carteles Palma de Mallorca",""pegada de carteles palma de mallorca"","https://www.urbanstylepublicity.com/pegada-carteles/baleares/palma"
"Pegada Carteles Baleares","30","Search","Maximize clicks","0.5","Pegada Carteles Calvià","[pegada de carteles calvià]","https://www.urbanstylepublicity.com/pegada-carteles/baleares/calvia"
"Pegada Carteles Baleares","30","Search","Maximize clicks","0.5","Pegada Carteles Calvià",""pegada de carteles calvià"","https://www.urbanstylepublicity.com/pegada-carteles/baleares/calvia"
"Pegada Carteles Baleares","30","Search","Maximize clicks","0.5","Pegada Carteles Ibiza","[pegada de carteles ibiza]","https://www.urbanstylepublicity.com/pegada-carteles/baleares/ibiza"
"Pegada Carteles Baleares","30","Search","Maximize clicks","0.5","Pegada Carteles Ibiza",""pegada de carteles ibiza"","https://www.urbanstylepublicity.com/pegada-carteles/baleares/ibiza"
"Pegada Carteles Baleares","30","Search","Maximize clicks","0.5","Pegada Carteles Manacor","[pegada de carteles manacor]","https://www.urbanstylepublicity.com/pegada-carteles/baleares/manacor"
"Pegada Carteles Baleares","30","Search","Maximize clicks","0.5","Pegada Carteles Manacor",""pegada de carteles manacor"","https://www.urbanstylepublicity.com/pegada-carteles/baleares/manacor"
"Pegada Carteles Baleares","30","Search","Maximize clicks","0.5","Pegada Carteles Santa Eulalia del Río","[pegada de carteles santa eulalia del río]","https://www.urbanstylepublicity.com/pegada-carteles/baleares/santa-eulalia"
"Pegada Carteles Baleares","30","Search","Maximize clicks","0.5","Pegada Carteles Santa Eulalia del Río",""pegada de carteles santa eulalia del río"","https://www.urbanstylepublicity.com/pegada-carteles/baleares/santa-eulalia"
"Pegada Carteles Barcelona","30","Search","Maximize clicks","0.5","Pegada Carteles Barcelona","[pegada de carteles barcelona]","https://www.urbanstylepublicity.com/pegada-carteles/barcelona"
"Pegada Carteles Barcelona","30","Search","Maximize clicks","0.5","Pegada Carteles Barcelona",""pegada de carteles barcelona"","https://www.urbanstylepublicity.com/pegada-carteles/barcelona"
"Pegada Carteles Barcelona","30","Search","Maximize clicks","0.5","Pegada Carteles Hospitalet","[pegada de carteles l'hospitalet de llobregat]","https://www.urbanstylepublicity.com/pegada-carteles/barcelona/hospitalet"
"Pegada Carteles Barcelona","30","Search","Maximize clicks","0.5","Pegada Carteles Hospitalet",""pegada de carteles l'hospitalet de llobregat"","https://www.urbanstylepublicity.com/pegada-carteles/barcelona/hospitalet"
"Pegada Carteles Barcelona","30","Search","Maximize clicks","0.5","Pegada Carteles Badalona","[pegada de carteles badalona]","https://www.urbanstylepublicity.com/pegada-carteles/barcelona/badalona"
"Pegada Carteles Barcelona","30","Search","Maximize clicks","0.5","Pegada Carteles Badalona",""pegada de carteles badalona"","https://www.urbanstylepublicity.com/pegada-carteles/barcelona/badalona"
"Pegada Carteles Barcelona","30","Search","Maximize clicks","0.5","Pegada Carteles Terrassa","[pegada de carteles terrassa]","https://www.urbanstylepublicity.com/pegada-carteles/barcelona/terrassa"
"Pegada Carteles Barcelona","30","Search","Maximize clicks","0.5","Pegada Carteles Terrassa",""pegada de carteles terrassa"","https://www.urbanstylepublicity.com/pegada-carteles/barcelona/terrassa"
"Pegada Carteles Barcelona","30","Search","Maximize clicks","0.5","Pegada Carteles Sabadell","[pegada de carteles sabadell]","https://www.urbanstylepublicity.com/pegada-carteles/barcelona/sabadell"
"Pegada Carteles Barcelona","30","Search","Maximize clicks","0.5","Pegada Carteles Sabadell",""pegada de carteles sabadell"","https://www.urbanstylepublicity.com/pegada-carteles/barcelona/sabadell"
"Pegada Carteles Barcelona","30","Search","Maximize clicks","0.5","Pegada Carteles Mataró","[pegada de carteles mataró]","https://www.urbanstylepublicity.com/pegada-carteles/barcelona/mataro"
"Pegada Carteles Barcelona","30","Search","Maximize clicks","0.5","Pegada Carteles Mataró",""pegada de carteles mataró"","https://www.urbanstylepublicity.com/pegada-carteles/barcelona/mataro"
"Pegada Carteles Barcelona","30","Search","Maximize clicks","0.5","Pegada Carteles Santa Coloma de Gramenet","[pegada de carteles santa coloma de gramenet]","https://www.urbanstylepublicity.com/pegada-carteles/barcelona/santa-coloma"
"Pegada Carteles Barcelona","30","Search","Maximize clicks","0.5","Pegada Carteles Santa Coloma de Gramenet",""pegada de carteles santa coloma de gramenet"","https://www.urbanstylepublicity.com/pegada-carteles/barcelona/santa-coloma"
"Pegada Carteles Barcelona","30","Search","Maximize clicks","0.5","Pegada Carteles Cornellà de Llobregat","[pegada de carteles cornellà de llobregat]","https://www.urbanstylepublicity.com/pegada-carteles/barcelona/cornella"
"Pegada Carteles Barcelona","30","Search","Maximize clicks","0.5","Pegada Carteles Cornellà de Llobregat",""pegada de carteles cornellà de llobregat"","https://www.urbanstylepublicity.com/pegada-carteles/barcelona/cornella"
"Pegada Carteles Barcelona","30","Search","Maximize clicks","0.5","Pegada Carteles Sant Boi de Llobregat","[pegada de carteles sant boi de llobregat]","https://www.urbanstylepublicity.com/pegada-carteles/barcelona/sant-boi"
"Pegada Carteles Barcelona","30","Search","Maximize clicks","0.5","Pegada Carteles Sant Boi de Llobregat",""pegada de carteles sant boi de llobregat"","https://www.urbanstylepublicity.com/pegada-carteles/barcelona/sant-boi"
"Pegada Carteles Barcelona","30","Search","Maximize clicks","0.5","Pegada Carteles Sant Cugat del Vallès","[pegada de carteles sant cugat del vallès]","https://www.urbanstylepublicity.com/pegada-carteles/barcelona/sant-cugat"
"Pegada Carteles Barcelona","30","Search","Maximize clicks","0.5","Pegada Carteles Sant Cugat del Vallès",""pegada de carteles sant cugat del vallès"","https://www.urbanstylepublicity.com/pegada-carteles/barcelona/sant-cugat"
"Pegada Carteles Barcelona","30","Search","Maximize clicks","0.5","Pegada Carteles Castelldefels","[pegada de carteles castelldefels]","https://www.urbanstylepublicity.com/pegada-carteles/barcelona/castelldefels"
"Pegada Carteles Barcelona","30","Search","Maximize clicks","0.5","Pegada Carteles Castelldefels",""pegada de carteles castelldefels"","https://www.urbanstylepublicity.com/pegada-carteles/barcelona/castelldefels"
"Pegada Carteles Barcelona","30","Search","Maximize clicks","0.5","Pegada Carteles Viladecans","[pegada de carteles viladecans]","https://www.urbanstylepublicity.com/pegada-carteles/barcelona/viladecans"
"Pegada Carteles Barcelona","30","Search","Maximize clicks","0.5","Pegada Carteles Viladecans",""pegada de carteles viladecans"","https://www.urbanstylepublicity.com/pegada-carteles/barcelona/viladecans"
"Pegada Carteles Barcelona","30","Search","Maximize clicks","0.5","Pegada Carteles El Prat de Llobregat","[pegada de carteles el prat de llobregat]","https://www.urbanstylepublicity.com/pegada-carteles/barcelona/el-prat"
"Pegada Carteles Barcelona","30","Search","Maximize clicks","0.5","Pegada Carteles El Prat de Llobregat",""pegada de carteles el prat de llobregat"","https://www.urbanstylepublicity.com/pegada-carteles/barcelona/el-prat"
"Pegada Carteles Barcelona","30","Search","Maximize clicks","0.5","Pegada Carteles Granollers","[pegada de carteles granollers]","https://www.urbanstylepublicity.com/pegada-carteles/barcelona/granollers"
"Pegada Carteles Barcelona","30","Search","Maximize clicks","0.5","Pegada Carteles Granollers",""pegada de carteles granollers"","https://www.urbanstylepublicity.com/pegada-carteles/barcelona/granollers"
"Pegada Carteles Barcelona","30","Search","Maximize clicks","0.5","Pegada Carteles Cerdanyola del Vallès","[pegada de carteles cerdanyola del vallès]","https://www.urbanstylepublicity.com/pegada-carteles/barcelona/cerdanyola"
"Pegada Carteles Barcelona","30","Search","Maximize clicks","0.5","Pegada Carteles Cerdanyola del Vallès",""pegada de carteles cerdanyola del vallès"","https://www.urbanstylepublicity.com/pegada-carteles/barcelona/cerdanyola"
"Pegada Carteles Barcelona","30","Search","Maximize clicks","0.5","Pegada Carteles Mollet del Vallès","[pegada de carteles mollet del vallès]","https://www.urbanstylepublicity.com/pegada-carteles/barcelona/mollet"
"Pegada Carteles Barcelona","30","Search","Maximize clicks","0.5","Pegada Carteles Mollet del Vallès",""pegada de carteles mollet del vallès"","https://www.urbanstylepublicity.com/pegada-carteles/barcelona/mollet"
"Pegada Carteles Barcelona","30","Search","Maximize clicks","0.5","Pegada Carteles Vic","[pegada de carteles vic]","https://www.urbanstylepublicity.com/pegada-carteles/barcelona/vic"
"Pegada Carteles Barcelona","30","Search","Maximize clicks","0.5","Pegada Carteles Vic",""pegada de carteles vic"","https://www.urbanstylepublicity.com/pegada-carteles/barcelona/vic"
"Pegada Carteles Barcelona","30","Search","Maximize clicks","0.5","Pegada Carteles Vilanova i la Geltrú","[pegada de carteles vilanova i la geltrú]","https://www.urbanstylepublicity.com/pegada-carteles/barcelona/vilanova"
"Pegada Carteles Barcelona","30","Search","Maximize clicks","0.5","Pegada Carteles Vilanova i la Geltrú",""pegada de carteles vilanova i la geltrú"","https://www.urbanstylepublicity.com/pegada-carteles/barcelona/vilanova"
"Pegada Carteles Burgos","30","Search","Maximize clicks","0.5","Pegada Carteles Burgos","[pegada de carteles burgos]","https://www.urbanstylepublicity.com/pegada-carteles/burgos"
"Pegada Carteles Burgos","30","Search","Maximize clicks","0.5","Pegada Carteles Burgos",""pegada de carteles burgos"","https://www.urbanstylepublicity.com/pegada-carteles/burgos"
"Pegada Carteles Cáceres","30","Search","Maximize clicks","0.5","Pegada Carteles Cáceres","[pegada de carteles cáceres]","https://www.urbanstylepublicity.com/pegada-carteles/caceres"
"Pegada Carteles Cáceres","30","Search","Maximize clicks","0.5","Pegada Carteles Cáceres",""pegada de carteles cáceres"","https://www.urbanstylepublicity.com/pegada-carteles/caceres"
"Pegada Carteles Cádiz","30","Search","Maximize clicks","0.5","Pegada Carteles Jerez de la Frontera","[pegada de carteles jerez de la frontera]","https://www.urbanstylepublicity.com/pegada-carteles/cadiz/jerez"
"Pegada Carteles Cádiz","30","Search","Maximize clicks","0.5","Pegada Carteles Jerez de la Frontera",""pegada de carteles jerez de la frontera"","https://www.urbanstylepublicity.com/pegada-carteles/cadiz/jerez"
"Pegada Carteles Cádiz","30","Search","Maximize clicks","0.5","Pegada Carteles Algeciras","[pegada de carteles algeciras]","https://www.urbanstylepublicity.com/pegada-carteles/cadiz/algeciras"
"Pegada Carteles Cádiz","30","Search","Maximize clicks","0.5","Pegada Carteles Algeciras",""pegada de carteles algeciras"","https://www.urbanstylepublicity.com/pegada-carteles/cadiz/algeciras"
"Pegada Carteles Cádiz","30","Search","Maximize clicks","0.5","Pegada Carteles Cádiz","[pegada de carteles cádiz]","https://www.urbanstylepublicity.com/pegada-carteles/cadiz"
"Pegada Carteles Cádiz","30","Search","Maximize clicks","0.5","Pegada Carteles Cádiz",""pegada de carteles cádiz"","https://www.urbanstylepublicity.com/pegada-carteles/cadiz"
"Pegada Carteles Cádiz","30","Search","Maximize clicks","0.5","Pegada Carteles San Fernando","[pegada de carteles san fernando]","https://www.urbanstylepublicity.com/pegada-carteles/cadiz/san-fernando"
"Pegada Carteles Cádiz","30","Search","Maximize clicks","0.5","Pegada Carteles San Fernando",""pegada de carteles san fernando"","https://www.urbanstylepublicity.com/pegada-carteles/cadiz/san-fernando"
"Pegada Carteles Cádiz","30","Search","Maximize clicks","0.5","Pegada Carteles Puerto S. María","[pegada de carteles el puerto de santa maría]","https://www.urbanstylepublicity.com/pegada-carteles/cadiz/puerto-santa-maria"
"Pegada Carteles Cádiz","30","Search","Maximize clicks","0.5","Pegada Carteles Puerto S. María",""pegada de carteles el puerto de santa maría"","https://www.urbanstylepublicity.com/pegada-carteles/cadiz/puerto-santa-maria"
"Pegada Carteles Cádiz","30","Search","Maximize clicks","0.5","Pegada Carteles Chiclana de la Frontera","[pegada de carteles chiclana de la frontera]","https://www.urbanstylepublicity.com/pegada-carteles/cadiz/chiclana"
"Pegada Carteles Cádiz","30","Search","Maximize clicks","0.5","Pegada Carteles Chiclana de la Frontera",""pegada de carteles chiclana de la frontera"","https://www.urbanstylepublicity.com/pegada-carteles/cadiz/chiclana"
"Pegada Carteles Cádiz","30","Search","Maximize clicks","0.5","Pegada Carteles Sanlúcar de Barrameda","[pegada de carteles sanlúcar de barrameda]","https://www.urbanstylepublicity.com/pegada-carteles/cadiz/sanlucar"
"Pegada Carteles Cádiz","30","Search","Maximize clicks","0.5","Pegada Carteles Sanlúcar de Barrameda",""pegada de carteles sanlúcar de barrameda"","https://www.urbanstylepublicity.com/pegada-carteles/cadiz/sanlucar"
"Pegada Carteles Cádiz","30","Search","Maximize clicks","0.5","Pegada Carteles La Línea de la Concepción","[pegada de carteles la línea de la concepción]","https://www.urbanstylepublicity.com/pegada-carteles/cadiz/la-linea"
"Pegada Carteles Cádiz","30","Search","Maximize clicks","0.5","Pegada Carteles La Línea de la Concepción",""pegada de carteles la línea de la concepción"","https://www.urbanstylepublicity.com/pegada-carteles/cadiz/la-linea"
"Pegada Carteles Cantabria","30","Search","Maximize clicks","0.5","Pegada Carteles Santander","[pegada de carteles santander]","https://www.urbanstylepublicity.com/pegada-carteles/cantabria/santander"
"Pegada Carteles Cantabria","30","Search","Maximize clicks","0.5","Pegada Carteles Santander",""pegada de carteles santander"","https://www.urbanstylepublicity.com/pegada-carteles/cantabria/santander"
"Pegada Carteles Cantabria","30","Search","Maximize clicks","0.5","Pegada Carteles Torrelavega","[pegada de carteles torrelavega]","https://www.urbanstylepublicity.com/pegada-carteles/cantabria/torrelavega"
"Pegada Carteles Cantabria","30","Search","Maximize clicks","0.5","Pegada Carteles Torrelavega",""pegada de carteles torrelavega"","https://www.urbanstylepublicity.com/pegada-carteles/cantabria/torrelavega"
"Pegada Carteles Castellón","30","Search","Maximize clicks","0.5","Pegada Carteles Castellón de la Plana","[pegada de carteles castellón de la plana]","https://www.urbanstylepublicity.com/pegada-carteles/castellon"
"Pegada Carteles Castellón","30","Search","Maximize clicks","0.5","Pegada Carteles Castellón de la Plana",""pegada de carteles castellón de la plana"","https://www.urbanstylepublicity.com/pegada-carteles/castellon"
"Pegada Carteles Castellón","30","Search","Maximize clicks","0.5","Pegada Carteles Vila-real","[pegada de carteles vila-real]","https://www.urbanstylepublicity.com/pegada-carteles/castellon/vila-real"
"Pegada Carteles Castellón","30","Search","Maximize clicks","0.5","Pegada Carteles Vila-real",""pegada de carteles vila-real"","https://www.urbanstylepublicity.com/pegada-carteles/castellon/vila-real"
"Pegada Carteles Ceuta","30","Search","Maximize clicks","0.5","Pegada Carteles Ceuta","[pegada de carteles ceuta]","https://www.urbanstylepublicity.com/pegada-carteles/ceuta"
"Pegada Carteles Ceuta","30","Search","Maximize clicks","0.5","Pegada Carteles Ceuta",""pegada de carteles ceuta"","https://www.urbanstylepublicity.com/pegada-carteles/ceuta"
"Pegada Carteles Ciudad Real","30","Search","Maximize clicks","0.5","Pegada Carteles Ciudad Real","[pegada de carteles ciudad real]","https://www.urbanstylepublicity.com/pegada-carteles/ciudad_real/ciudad-real"
"Pegada Carteles Ciudad Real","30","Search","Maximize clicks","0.5","Pegada Carteles Ciudad Real",""pegada de carteles ciudad real"","https://www.urbanstylepublicity.com/pegada-carteles/ciudad_real/ciudad-real"
"Pegada Carteles Ciudad Real","30","Search","Maximize clicks","0.5","Pegada Carteles Puertollano","[pegada de carteles puertollano]","https://www.urbanstylepublicity.com/pegada-carteles/ciudad_real/puertollano"
"Pegada Carteles Ciudad Real","30","Search","Maximize clicks","0.5","Pegada Carteles Puertollano",""pegada de carteles puertollano"","https://www.urbanstylepublicity.com/pegada-carteles/ciudad_real/puertollano"
"Pegada Carteles Córdoba","30","Search","Maximize clicks","0.5","Pegada Carteles Córdoba","[pegada de carteles córdoba]","https://www.urbanstylepublicity.com/pegada-carteles/cordoba"
"Pegada Carteles Córdoba","30","Search","Maximize clicks","0.5","Pegada Carteles Córdoba",""pegada de carteles córdoba"","https://www.urbanstylepublicity.com/pegada-carteles/cordoba"
"Pegada Carteles A Coruña","30","Search","Maximize clicks","0.5","Pegada Carteles A Coruña","[pegada de carteles a coruña]","https://www.urbanstylepublicity.com/pegada-carteles/coruna"
"Pegada Carteles A Coruña","30","Search","Maximize clicks","0.5","Pegada Carteles A Coruña",""pegada de carteles a coruña"","https://www.urbanstylepublicity.com/pegada-carteles/coruna"
"Pegada Carteles A Coruña","30","Search","Maximize clicks","0.5","Pegada Carteles Santiago de Compostela","[pegada de carteles santiago de compostela]","https://www.urbanstylepublicity.com/pegada-carteles/coruna/santiago"
"Pegada Carteles A Coruña","30","Search","Maximize clicks","0.5","Pegada Carteles Santiago de Compostela",""pegada de carteles santiago de compostela"","https://www.urbanstylepublicity.com/pegada-carteles/coruna/santiago"
"Pegada Carteles A Coruña","30","Search","Maximize clicks","0.5","Pegada Carteles Ferrol","[pegada de carteles ferrol]","https://www.urbanstylepublicity.com/pegada-carteles/coruna/ferrol"
"Pegada Carteles A Coruña","30","Search","Maximize clicks","0.5","Pegada Carteles Ferrol",""pegada de carteles ferrol"","https://www.urbanstylepublicity.com/pegada-carteles/coruna/ferrol"
"Pegada Carteles Cuenca","30","Search","Maximize clicks","0.5","Pegada Carteles Cuenca","[pegada de carteles cuenca]","https://www.urbanstylepublicity.com/pegada-carteles/cuenca"
"Pegada Carteles Cuenca","30","Search","Maximize clicks","0.5","Pegada Carteles Cuenca",""pegada de carteles cuenca"","https://www.urbanstylepublicity.com/pegada-carteles/cuenca"
"Pegada Carteles Gerona","30","Search","Maximize clicks","0.5","Pegada Carteles Girona","[pegada de carteles girona]","https://www.urbanstylepublicity.com/pegada-carteles/gerona/girona"
"Pegada Carteles Gerona","30","Search","Maximize clicks","0.5","Pegada Carteles Girona",""pegada de carteles girona"","https://www.urbanstylepublicity.com/pegada-carteles/gerona/girona"
"Pegada Carteles Gerona","30","Search","Maximize clicks","0.5","Pegada Carteles Figueres","[pegada de carteles figueres]","https://www.urbanstylepublicity.com/pegada-carteles/gerona/figueres"
"Pegada Carteles Gerona","30","Search","Maximize clicks","0.5","Pegada Carteles Figueres",""pegada de carteles figueres"","https://www.urbanstylepublicity.com/pegada-carteles/gerona/figueres"
"Pegada Carteles Granada","30","Search","Maximize clicks","0.5","Pegada Carteles Granada","[pegada de carteles granada]","https://www.urbanstylepublicity.com/pegada-carteles/granada"
"Pegada Carteles Granada","30","Search","Maximize clicks","0.5","Pegada Carteles Granada",""pegada de carteles granada"","https://www.urbanstylepublicity.com/pegada-carteles/granada"
"Pegada Carteles Granada","30","Search","Maximize clicks","0.5","Pegada Carteles Motril","[pegada de carteles motril]","https://www.urbanstylepublicity.com/pegada-carteles/granada/motril"
"Pegada Carteles Granada","30","Search","Maximize clicks","0.5","Pegada Carteles Motril",""pegada de carteles motril"","https://www.urbanstylepublicity.com/pegada-carteles/granada/motril"
"Pegada Carteles Guadalajara","30","Search","Maximize clicks","0.5","Pegada Carteles Guadalajara","[pegada de carteles guadalajara]","https://www.urbanstylepublicity.com/pegada-carteles/guadalajara"
"Pegada Carteles Guadalajara","30","Search","Maximize clicks","0.5","Pegada Carteles Guadalajara",""pegada de carteles guadalajara"","https://www.urbanstylepublicity.com/pegada-carteles/guadalajara"
"Pegada Carteles Guipúzcoa","30","Search","Maximize clicks","0.5","Pegada Carteles San Sebastián","[pegada de carteles san sebastián]","https://www.urbanstylepublicity.com/pegada-carteles/guipuzcoa/san-sebastian-donostia"
"Pegada Carteles Guipúzcoa","30","Search","Maximize clicks","0.5","Pegada Carteles San Sebastián",""pegada de carteles san sebastián"","https://www.urbanstylepublicity.com/pegada-carteles/guipuzcoa/san-sebastian-donostia"
"Pegada Carteles Guipúzcoa","30","Search","Maximize clicks","0.5","Pegada Carteles Irún","[pegada de carteles irún]","https://www.urbanstylepublicity.com/pegada-carteles/guipuzcoa/irun"
"Pegada Carteles Guipúzcoa","30","Search","Maximize clicks","0.5","Pegada Carteles Irún",""pegada de carteles irún"","https://www.urbanstylepublicity.com/pegada-carteles/guipuzcoa/irun"
"Pegada Carteles Huelva","30","Search","Maximize clicks","0.5","Pegada Carteles Huelva","[pegada de carteles huelva]","https://www.urbanstylepublicity.com/pegada-carteles/huelva"
"Pegada Carteles Huelva","30","Search","Maximize clicks","0.5","Pegada Carteles Huelva",""pegada de carteles huelva"","https://www.urbanstylepublicity.com/pegada-carteles/huelva"
"Pegada Carteles Huesca","30","Search","Maximize clicks","0.5","Pegada Carteles Huesca","[pegada de carteles huesca]","https://www.urbanstylepublicity.com/pegada-carteles/huesca"
"Pegada Carteles Huesca","30","Search","Maximize clicks","0.5","Pegada Carteles Huesca",""pegada de carteles huesca"","https://www.urbanstylepublicity.com/pegada-carteles/huesca"
"Pegada Carteles Jaén","30","Search","Maximize clicks","0.5","Pegada Carteles Jaén","[pegada de carteles jaén]","https://www.urbanstylepublicity.com/pegada-carteles/jaen"
"Pegada Carteles Jaén","30","Search","Maximize clicks","0.5","Pegada Carteles Jaén",""pegada de carteles jaén"","https://www.urbanstylepublicity.com/pegada-carteles/jaen"
"Pegada Carteles Jaén","30","Search","Maximize clicks","0.5","Pegada Carteles Linares","[pegada de carteles linares]","https://www.urbanstylepublicity.com/pegada-carteles/jaen/linares"
"Pegada Carteles Jaén","30","Search","Maximize clicks","0.5","Pegada Carteles Linares",""pegada de carteles linares"","https://www.urbanstylepublicity.com/pegada-carteles/jaen/linares"
"Pegada Carteles León","30","Search","Maximize clicks","0.5","Pegada Carteles León","[pegada de carteles león]","https://www.urbanstylepublicity.com/pegada-carteles/leon"
"Pegada Carteles León","30","Search","Maximize clicks","0.5","Pegada Carteles León",""pegada de carteles león"","https://www.urbanstylepublicity.com/pegada-carteles/leon"
"Pegada Carteles León","30","Search","Maximize clicks","0.5","Pegada Carteles Ponferrada","[pegada de carteles ponferrada]","https://www.urbanstylepublicity.com/pegada-carteles/leon/ponferrada"
"Pegada Carteles León","30","Search","Maximize clicks","0.5","Pegada Carteles Ponferrada",""pegada de carteles ponferrada"","https://www.urbanstylepublicity.com/pegada-carteles/leon/ponferrada"
"Pegada Carteles Lérida","30","Search","Maximize clicks","0.5","Pegada Carteles Lleida","[pegada de carteles lleida]","https://www.urbanstylepublicity.com/pegada-carteles/lerida/lleida"
"Pegada Carteles Lérida","30","Search","Maximize clicks","0.5","Pegada Carteles Lleida",""pegada de carteles lleida"","https://www.urbanstylepublicity.com/pegada-carteles/lerida/lleida"
"Pegada Carteles Lugo","30","Search","Maximize clicks","0.5","Pegada Carteles Lugo","[pegada de carteles lugo]","https://www.urbanstylepublicity.com/pegada-carteles/lugo"
"Pegada Carteles Lugo","30","Search","Maximize clicks","0.5","Pegada Carteles Lugo",""pegada de carteles lugo"","https://www.urbanstylepublicity.com/pegada-carteles/lugo"
"Pegada Carteles Madrid","30","Search","Maximize clicks","0.5","Pegada Carteles Madrid","[pegada de carteles madrid]","https://www.urbanstylepublicity.com/pegada-carteles/madrid"
"Pegada Carteles Madrid","30","Search","Maximize clicks","0.5","Pegada Carteles Madrid",""pegada de carteles madrid"","https://www.urbanstylepublicity.com/pegada-carteles/madrid"
"Pegada Carteles Madrid","30","Search","Maximize clicks","0.5","Pegada Carteles Móstoles","[pegada de carteles móstoles]","https://www.urbanstylepublicity.com/pegada-carteles/madrid/mostoles"
"Pegada Carteles Madrid","30","Search","Maximize clicks","0.5","Pegada Carteles Móstoles",""pegada de carteles móstoles"","https://www.urbanstylepublicity.com/pegada-carteles/madrid/mostoles"
"Pegada Carteles Madrid","30","Search","Maximize clicks","0.5","Pegada Carteles Alcalá","[pegada de carteles alcalá de henares]","https://www.urbanstylepublicity.com/pegada-carteles/madrid/alcala-de-henares"
"Pegada Carteles Madrid","30","Search","Maximize clicks","0.5","Pegada Carteles Alcalá",""pegada de carteles alcalá de henares"","https://www.urbanstylepublicity.com/pegada-carteles/madrid/alcala-de-henares"
"Pegada Carteles Madrid","30","Search","Maximize clicks","0.5","Pegada Carteles Leganés","[pegada de carteles leganés]","https://www.urbanstylepublicity.com/pegada-carteles/madrid/leganes"
"Pegada Carteles Madrid","30","Search","Maximize clicks","0.5","Pegada Carteles Leganés",""pegada de carteles leganés"","https://www.urbanstylepublicity.com/pegada-carteles/madrid/leganes"
"Pegada Carteles Madrid","30","Search","Maximize clicks","0.5","Pegada Carteles Getafe","[pegada de carteles getafe]","https://www.urbanstylepublicity.com/pegada-carteles/madrid/getafe"
"Pegada Carteles Madrid","30","Search","Maximize clicks","0.5","Pegada Carteles Getafe",""pegada de carteles getafe"","https://www.urbanstylepublicity.com/pegada-carteles/madrid/getafe"
"Pegada Carteles Madrid","30","Search","Maximize clicks","0.5","Pegada Carteles Fuenlabrada","[pegada de carteles fuenlabrada]","https://www.urbanstylepublicity.com/pegada-carteles/madrid/fuenlabrada"
"Pegada Carteles Madrid","30","Search","Maximize clicks","0.5","Pegada Carteles Fuenlabrada",""pegada de carteles fuenlabrada"","https://www.urbanstylepublicity.com/pegada-carteles/madrid/fuenlabrada"
"Pegada Carteles Madrid","30","Search","Maximize clicks","0.5","Pegada Carteles Alcorcón","[pegada de carteles alcorcón]","https://www.urbanstylepublicity.com/pegada-carteles/madrid/alcorcon"
"Pegada Carteles Madrid","30","Search","Maximize clicks","0.5","Pegada Carteles Alcorcón",""pegada de carteles alcorcón"","https://www.urbanstylepublicity.com/pegada-carteles/madrid/alcorcon"
"Pegada Carteles Madrid","30","Search","Maximize clicks","0.5","Pegada Carteles Torrejón","[pegada de carteles torrejón de ardoz]","https://www.urbanstylepublicity.com/pegada-carteles/madrid/torrejon-de-ardoz"
"Pegada Carteles Madrid","30","Search","Maximize clicks","0.5","Pegada Carteles Torrejón",""pegada de carteles torrejón de ardoz"","https://www.urbanstylepublicity.com/pegada-carteles/madrid/torrejon-de-ardoz"
"Pegada Carteles Madrid","30","Search","Maximize clicks","0.5","Pegada Carteles Parla","[pegada de carteles parla]","https://www.urbanstylepublicity.com/pegada-carteles/madrid/parla"
"Pegada Carteles Madrid","30","Search","Maximize clicks","0.5","Pegada Carteles Parla",""pegada de carteles parla"","https://www.urbanstylepublicity.com/pegada-carteles/madrid/parla"
"Pegada Carteles Madrid","30","Search","Maximize clicks","0.5","Pegada Carteles Alcobendas","[pegada de carteles alcobendas]","https://www.urbanstylepublicity.com/pegada-carteles/madrid/alcobendas"
"Pegada Carteles Madrid","30","Search","Maximize clicks","0.5","Pegada Carteles Alcobendas",""pegada de carteles alcobendas"","https://www.urbanstylepublicity.com/pegada-carteles/madrid/alcobendas"
"Pegada Carteles Madrid","30","Search","Maximize clicks","0.5","Pegada Carteles Pozuelo","[pegada de carteles pozuelo de alarcón]","https://www.urbanstylepublicity.com/pegada-carteles/madrid/pozuelo-de-alarcon"
"Pegada Carteles Madrid","30","Search","Maximize clicks","0.5","Pegada Carteles Pozuelo",""pegada de carteles pozuelo de alarcón"","https://www.urbanstylepublicity.com/pegada-carteles/madrid/pozuelo-de-alarcon"
"Pegada Carteles Madrid","30","Search","Maximize clicks","0.5","Pegada Carteles San Sebastián","[pegada de carteles san sebastián de los reyes]","https://www.urbanstylepublicity.com/pegada-carteles/madrid/san-sebastian-de-los-reyes"
"Pegada Carteles Madrid","30","Search","Maximize clicks","0.5","Pegada Carteles San Sebastián",""pegada de carteles san sebastián de los reyes"","https://www.urbanstylepublicity.com/pegada-carteles/madrid/san-sebastian-de-los-reyes"
"Pegada Carteles Madrid","30","Search","Maximize clicks","0.5","Pegada Carteles Las Rozas de Madrid","[pegada de carteles las rozas de madrid]","https://www.urbanstylepublicity.com/pegada-carteles/madrid/las-rozas-de-madrid"
"Pegada Carteles Madrid","30","Search","Maximize clicks","0.5","Pegada Carteles Las Rozas de Madrid",""pegada de carteles las rozas de madrid"","https://www.urbanstylepublicity.com/pegada-carteles/madrid/las-rozas-de-madrid"
"Pegada Carteles Madrid","30","Search","Maximize clicks","0.5","Pegada Carteles Rivas-Vaciamadrid","[pegada de carteles rivas-vaciamadrid]","https://www.urbanstylepublicity.com/pegada-carteles/madrid/rivas"
"Pegada Carteles Madrid","30","Search","Maximize clicks","0.5","Pegada Carteles Rivas-Vaciamadrid",""pegada de carteles rivas-vaciamadrid"","https://www.urbanstylepublicity.com/pegada-carteles/madrid/rivas"
"Pegada Carteles Madrid","30","Search","Maximize clicks","0.5","Pegada Carteles Coslada","[pegada de carteles coslada]","https://www.urbanstylepublicity.com/pegada-carteles/madrid/coslada"
"Pegada Carteles Madrid","30","Search","Maximize clicks","0.5","Pegada Carteles Coslada",""pegada de carteles coslada"","https://www.urbanstylepublicity.com/pegada-carteles/madrid/coslada"
"Pegada Carteles Madrid","30","Search","Maximize clicks","0.5","Pegada Carteles Valdemoro","[pegada de carteles valdemoro]","https://www.urbanstylepublicity.com/pegada-carteles/madrid/valdemoro"
"Pegada Carteles Madrid","30","Search","Maximize clicks","0.5","Pegada Carteles Valdemoro",""pegada de carteles valdemoro"","https://www.urbanstylepublicity.com/pegada-carteles/madrid/valdemoro"
"Pegada Carteles Madrid","30","Search","Maximize clicks","0.5","Pegada Carteles Majadahonda","[pegada de carteles majadahonda]","https://www.urbanstylepublicity.com/pegada-carteles/madrid/majadahonda"
"Pegada Carteles Madrid","30","Search","Maximize clicks","0.5","Pegada Carteles Majadahonda",""pegada de carteles majadahonda"","https://www.urbanstylepublicity.com/pegada-carteles/madrid/majadahonda"
"Pegada Carteles Madrid","30","Search","Maximize clicks","0.5","Pegada Carteles Collado Villalba","[pegada de carteles collado villalba]","https://www.urbanstylepublicity.com/pegada-carteles/madrid/collado-villalba"
"Pegada Carteles Madrid","30","Search","Maximize clicks","0.5","Pegada Carteles Collado Villalba",""pegada de carteles collado villalba"","https://www.urbanstylepublicity.com/pegada-carteles/madrid/collado-villalba"
"Pegada Carteles Madrid","30","Search","Maximize clicks","0.5","Pegada Carteles Aranjuez","[pegada de carteles aranjuez]","https://www.urbanstylepublicity.com/pegada-carteles/madrid/aranjuez"
"Pegada Carteles Madrid","30","Search","Maximize clicks","0.5","Pegada Carteles Aranjuez",""pegada de carteles aranjuez"","https://www.urbanstylepublicity.com/pegada-carteles/madrid/aranjuez"
"Pegada Carteles Madrid","30","Search","Maximize clicks","0.5","Pegada Carteles Arganda del Rey","[pegada de carteles arganda del rey]","https://www.urbanstylepublicity.com/pegada-carteles/madrid/arganda-del-rey"
"Pegada Carteles Madrid","30","Search","Maximize clicks","0.5","Pegada Carteles Arganda del Rey",""pegada de carteles arganda del rey"","https://www.urbanstylepublicity.com/pegada-carteles/madrid/arganda-del-rey"
"Pegada Carteles Madrid","30","Search","Maximize clicks","0.5","Pegada Carteles Boadilla del Monte","[pegada de carteles boadilla del monte]","https://www.urbanstylepublicity.com/pegada-carteles/madrid/boadilla"
"Pegada Carteles Madrid","30","Search","Maximize clicks","0.5","Pegada Carteles Boadilla del Monte",""pegada de carteles boadilla del monte"","https://www.urbanstylepublicity.com/pegada-carteles/madrid/boadilla"
"Pegada Carteles Madrid","30","Search","Maximize clicks","0.5","Pegada Carteles Pinto","[pegada de carteles pinto]","https://www.urbanstylepublicity.com/pegada-carteles/madrid/pinto"
"Pegada Carteles Madrid","30","Search","Maximize clicks","0.5","Pegada Carteles Pinto",""pegada de carteles pinto"","https://www.urbanstylepublicity.com/pegada-carteles/madrid/pinto"
"Pegada Carteles Madrid","30","Search","Maximize clicks","0.5","Pegada Carteles Colmenar Viejo","[pegada de carteles colmenar viejo]","https://www.urbanstylepublicity.com/pegada-carteles/madrid/colmenar"
"Pegada Carteles Madrid","30","Search","Maximize clicks","0.5","Pegada Carteles Colmenar Viejo",""pegada de carteles colmenar viejo"","https://www.urbanstylepublicity.com/pegada-carteles/madrid/colmenar"
"Pegada Carteles Madrid","30","Search","Maximize clicks","0.5","Pegada Carteles San Fernando de Henares","[pegada de carteles san fernando de henares]","https://www.urbanstylepublicity.com/pegada-carteles/madrid/san-fernando-de-henares"
"Pegada Carteles Madrid","30","Search","Maximize clicks","0.5","Pegada Carteles San Fernando de Henares",""pegada de carteles san fernando de henares"","https://www.urbanstylepublicity.com/pegada-carteles/madrid/san-fernando-de-henares"
"Pegada Carteles Málaga","30","Search","Maximize clicks","0.5","Pegada Carteles Málaga","[pegada de carteles málaga]","https://www.urbanstylepublicity.com/pegada-carteles/malaga"
"Pegada Carteles Málaga","30","Search","Maximize clicks","0.5","Pegada Carteles Málaga",""pegada de carteles málaga"","https://www.urbanstylepublicity.com/pegada-carteles/malaga"
"Pegada Carteles Málaga","30","Search","Maximize clicks","0.5","Pegada Carteles Marbella","[pegada de carteles marbella]","https://www.urbanstylepublicity.com/pegada-carteles/malaga/marbella"
"Pegada Carteles Málaga","30","Search","Maximize clicks","0.5","Pegada Carteles Marbella",""pegada de carteles marbella"","https://www.urbanstylepublicity.com/pegada-carteles/malaga/marbella"
"Pegada Carteles Málaga","30","Search","Maximize clicks","0.5","Pegada Carteles Mijas","[pegada de carteles mijas]","https://www.urbanstylepublicity.com/pegada-carteles/malaga/mijas"
"Pegada Carteles Málaga","30","Search","Maximize clicks","0.5","Pegada Carteles Mijas",""pegada de carteles mijas"","https://www.urbanstylepublicity.com/pegada-carteles/malaga/mijas"
"Pegada Carteles Málaga","30","Search","Maximize clicks","0.5","Pegada Carteles Fuengirola","[pegada de carteles fuengirola]","https://www.urbanstylepublicity.com/pegada-carteles/malaga/fuengirola"
"Pegada Carteles Málaga","30","Search","Maximize clicks","0.5","Pegada Carteles Fuengirola",""pegada de carteles fuengirola"","https://www.urbanstylepublicity.com/pegada-carteles/malaga/fuengirola"
"Pegada Carteles Málaga","30","Search","Maximize clicks","0.5","Pegada Carteles Vélez-Málaga","[pegada de carteles vélez-málaga]","https://www.urbanstylepublicity.com/pegada-carteles/malaga/velez-malaga"
"Pegada Carteles Málaga","30","Search","Maximize clicks","0.5","Pegada Carteles Vélez-Málaga",""pegada de carteles vélez-málaga"","https://www.urbanstylepublicity.com/pegada-carteles/malaga/velez-malaga"
"Pegada Carteles Málaga","30","Search","Maximize clicks","0.5","Pegada Carteles Estepona","[pegada de carteles estepona]","https://www.urbanstylepublicity.com/pegada-carteles/malaga/estepona"
"Pegada Carteles Málaga","30","Search","Maximize clicks","0.5","Pegada Carteles Estepona",""pegada de carteles estepona"","https://www.urbanstylepublicity.com/pegada-carteles/malaga/estepona"
"Pegada Carteles Málaga","30","Search","Maximize clicks","0.5","Pegada Carteles Torremolinos","[pegada de carteles torremolinos]","https://www.urbanstylepublicity.com/pegada-carteles/malaga/torremolinos"
"Pegada Carteles Málaga","30","Search","Maximize clicks","0.5","Pegada Carteles Torremolinos",""pegada de carteles torremolinos"","https://www.urbanstylepublicity.com/pegada-carteles/malaga/torremolinos"
"Pegada Carteles Málaga","30","Search","Maximize clicks","0.5","Pegada Carteles Benalmádena","[pegada de carteles benalmádena]","https://www.urbanstylepublicity.com/pegada-carteles/malaga/benalmadena"
"Pegada Carteles Málaga","30","Search","Maximize clicks","0.5","Pegada Carteles Benalmádena",""pegada de carteles benalmádena"","https://www.urbanstylepublicity.com/pegada-carteles/malaga/benalmadena"
"Pegada Carteles Melilla","30","Search","Maximize clicks","0.5","Pegada Carteles Melilla","[pegada de carteles melilla]","https://www.urbanstylepublicity.com/pegada-carteles/melilla"
"Pegada Carteles Melilla","30","Search","Maximize clicks","0.5","Pegada Carteles Melilla",""pegada de carteles melilla"","https://www.urbanstylepublicity.com/pegada-carteles/melilla"
"Pegada Carteles Murcia","30","Search","Maximize clicks","0.5","Pegada Carteles Murcia","[pegada de carteles murcia]","https://www.urbanstylepublicity.com/pegada-carteles/murcia"
"Pegada Carteles Murcia","30","Search","Maximize clicks","0.5","Pegada Carteles Murcia",""pegada de carteles murcia"","https://www.urbanstylepublicity.com/pegada-carteles/murcia"
"Pegada Carteles Murcia","30","Search","Maximize clicks","0.5","Pegada Carteles Cartagena","[pegada de carteles cartagena]","https://www.urbanstylepublicity.com/pegada-carteles/murcia/cartagena"
"Pegada Carteles Murcia","30","Search","Maximize clicks","0.5","Pegada Carteles Cartagena",""pegada de carteles cartagena"","https://www.urbanstylepublicity.com/pegada-carteles/murcia/cartagena"
"Pegada Carteles Murcia","30","Search","Maximize clicks","0.5","Pegada Carteles Lorca","[pegada de carteles lorca]","https://www.urbanstylepublicity.com/pegada-carteles/murcia/lorca"
"Pegada Carteles Murcia","30","Search","Maximize clicks","0.5","Pegada Carteles Lorca",""pegada de carteles lorca"","https://www.urbanstylepublicity.com/pegada-carteles/murcia/lorca"
"Pegada Carteles Murcia","30","Search","Maximize clicks","0.5","Pegada Carteles Molina de Segura","[pegada de carteles molina de segura]","https://www.urbanstylepublicity.com/pegada-carteles/murcia/molina-de-segura"
"Pegada Carteles Murcia","30","Search","Maximize clicks","0.5","Pegada Carteles Molina de Segura",""pegada de carteles molina de segura"","https://www.urbanstylepublicity.com/pegada-carteles/murcia/molina-de-segura"
"Pegada Carteles Navarra","30","Search","Maximize clicks","0.5","Pegada Carteles Pamplona","[pegada de carteles pamplona]","https://www.urbanstylepublicity.com/pegada-carteles/navarra/pamplona"
"Pegada Carteles Navarra","30","Search","Maximize clicks","0.5","Pegada Carteles Pamplona",""pegada de carteles pamplona"","https://www.urbanstylepublicity.com/pegada-carteles/navarra/pamplona"
"Pegada Carteles Orense","30","Search","Maximize clicks","0.5","Pegada Carteles Ourense","[pegada de carteles ourense]","https://www.urbanstylepublicity.com/pegada-carteles/orense/ourense"
"Pegada Carteles Orense","30","Search","Maximize clicks","0.5","Pegada Carteles Ourense",""pegada de carteles ourense"","https://www.urbanstylepublicity.com/pegada-carteles/orense/ourense"
"Pegada Carteles Palencia","30","Search","Maximize clicks","0.5","Pegada Carteles Palencia","[pegada de carteles palencia]","https://www.urbanstylepublicity.com/pegada-carteles/palencia"
"Pegada Carteles Palencia","30","Search","Maximize clicks","0.5","Pegada Carteles Palencia",""pegada de carteles palencia"","https://www.urbanstylepublicity.com/pegada-carteles/palencia"
"Pegada Carteles Las Palmas","30","Search","Maximize clicks","0.5","Pegada Carteles Las Palmas de Gran Canaria","[pegada de carteles las palmas de gran canaria]","https://www.urbanstylepublicity.com/pegada-carteles/las_palmas/las-palmas"
"Pegada Carteles Las Palmas","30","Search","Maximize clicks","0.5","Pegada Carteles Las Palmas de Gran Canaria",""pegada de carteles las palmas de gran canaria"","https://www.urbanstylepublicity.com/pegada-carteles/las_palmas/las-palmas"
"Pegada Carteles Las Palmas","30","Search","Maximize clicks","0.5","Pegada Carteles Telde","[pegada de carteles telde]","https://www.urbanstylepublicity.com/pegada-carteles/las_palmas/telde"
"Pegada Carteles Las Palmas","30","Search","Maximize clicks","0.5","Pegada Carteles Telde",""pegada de carteles telde"","https://www.urbanstylepublicity.com/pegada-carteles/las_palmas/telde"
"Pegada Carteles Las Palmas","30","Search","Maximize clicks","0.5","Pegada Carteles Santa Lucía de Tirajana","[pegada de carteles santa lucía de tirajana]","https://www.urbanstylepublicity.com/pegada-carteles/las_palmas/santa-lucia"
"Pegada Carteles Las Palmas","30","Search","Maximize clicks","0.5","Pegada Carteles Santa Lucía de Tirajana",""pegada de carteles santa lucía de tirajana"","https://www.urbanstylepublicity.com/pegada-carteles/las_palmas/santa-lucia"
"Pegada Carteles Las Palmas","30","Search","Maximize clicks","0.5","Pegada Carteles Arrecife","[pegada de carteles arrecife]","https://www.urbanstylepublicity.com/pegada-carteles/las_palmas/arrecife"
"Pegada Carteles Las Palmas","30","Search","Maximize clicks","0.5","Pegada Carteles Arrecife",""pegada de carteles arrecife"","https://www.urbanstylepublicity.com/pegada-carteles/las_palmas/arrecife"
"Pegada Carteles Las Palmas","30","Search","Maximize clicks","0.5","Pegada Carteles San Bartolomé de Tirajana","[pegada de carteles san bartolomé de tirajana]","https://www.urbanstylepublicity.com/pegada-carteles/las_palmas/san-bartolome"
"Pegada Carteles Las Palmas","30","Search","Maximize clicks","0.5","Pegada Carteles San Bartolomé de Tirajana",""pegada de carteles san bartolomé de tirajana"","https://www.urbanstylepublicity.com/pegada-carteles/las_palmas/san-bartolome"
"Pegada Carteles Pontevedra","30","Search","Maximize clicks","0.5","Pegada Carteles Vigo","[pegada de carteles vigo]","https://www.urbanstylepublicity.com/pegada-carteles/pontevedra/vigo"
"Pegada Carteles Pontevedra","30","Search","Maximize clicks","0.5","Pegada Carteles Vigo",""pegada de carteles vigo"","https://www.urbanstylepublicity.com/pegada-carteles/pontevedra/vigo"
"Pegada Carteles Pontevedra","30","Search","Maximize clicks","0.5","Pegada Carteles Pontevedra","[pegada de carteles pontevedra]","https://www.urbanstylepublicity.com/pegada-carteles/pontevedra"
"Pegada Carteles Pontevedra","30","Search","Maximize clicks","0.5","Pegada Carteles Pontevedra",""pegada de carteles pontevedra"","https://www.urbanstylepublicity.com/pegada-carteles/pontevedra"
"Pegada Carteles La Rioja","30","Search","Maximize clicks","0.5","Pegada Carteles Logroño","[pegada de carteles logroño]","https://www.urbanstylepublicity.com/pegada-carteles/la_rioja/logrono"
"Pegada Carteles La Rioja","30","Search","Maximize clicks","0.5","Pegada Carteles Logroño",""pegada de carteles logroño"","https://www.urbanstylepublicity.com/pegada-carteles/la_rioja/logrono"
"Pegada Carteles Salamanca","30","Search","Maximize clicks","0.5","Pegada Carteles Salamanca","[pegada de carteles salamanca]","https://www.urbanstylepublicity.com/pegada-carteles/salamanca"
"Pegada Carteles Salamanca","30","Search","Maximize clicks","0.5","Pegada Carteles Salamanca",""pegada de carteles salamanca"","https://www.urbanstylepublicity.com/pegada-carteles/salamanca"
"Pegada Carteles S.C. Tenerife","30","Search","Maximize clicks","0.5","Pegada Carteles Santa Cruz de Tenerife","[pegada de carteles santa cruz de tenerife]","https://www.urbanstylepublicity.com/pegada-carteles/santa_cruz_de_tenerife/santa-cruz"
"Pegada Carteles S.C. Tenerife","30","Search","Maximize clicks","0.5","Pegada Carteles Santa Cruz de Tenerife",""pegada de carteles santa cruz de tenerife"","https://www.urbanstylepublicity.com/pegada-carteles/santa_cruz_de_tenerife/santa-cruz"
"Pegada Carteles S.C. Tenerife","30","Search","Maximize clicks","0.5","Pegada Carteles San Cristóbal de La Laguna","[pegada de carteles san cristóbal de la laguna]","https://www.urbanstylepublicity.com/pegada-carteles/santa_cruz_de_tenerife/la-laguna"
"Pegada Carteles S.C. Tenerife","30","Search","Maximize clicks","0.5","Pegada Carteles San Cristóbal de La Laguna",""pegada de carteles san cristóbal de la laguna"","https://www.urbanstylepublicity.com/pegada-carteles/santa_cruz_de_tenerife/la-laguna"
"Pegada Carteles S.C. Tenerife","30","Search","Maximize clicks","0.5","Pegada Carteles Arona","[pegada de carteles arona]","https://www.urbanstylepublicity.com/pegada-carteles/santa_cruz_de_tenerife/arona"
"Pegada Carteles S.C. Tenerife","30","Search","Maximize clicks","0.5","Pegada Carteles Arona",""pegada de carteles arona"","https://www.urbanstylepublicity.com/pegada-carteles/santa_cruz_de_tenerife/arona"
"Pegada Carteles S.C. Tenerife","30","Search","Maximize clicks","0.5","Pegada Carteles Adeje","[pegada de carteles adeje]","https://www.urbanstylepublicity.com/pegada-carteles/santa_cruz_de_tenerife/adeje"
"Pegada Carteles S.C. Tenerife","30","Search","Maximize clicks","0.5","Pegada Carteles Adeje",""pegada de carteles adeje"","https://www.urbanstylepublicity.com/pegada-carteles/santa_cruz_de_tenerife/adeje"
"Pegada Carteles Segovia","30","Search","Maximize clicks","0.5","Pegada Carteles Segovia","[pegada de carteles segovia]","https://www.urbanstylepublicity.com/pegada-carteles/segovia"
"Pegada Carteles Segovia","30","Search","Maximize clicks","0.5","Pegada Carteles Segovia",""pegada de carteles segovia"","https://www.urbanstylepublicity.com/pegada-carteles/segovia"
"Pegada Carteles Sevilla","30","Search","Maximize clicks","0.5","Pegada Carteles Sevilla","[pegada de carteles sevilla]","https://www.urbanstylepublicity.com/pegada-carteles/sevilla"
"Pegada Carteles Sevilla","30","Search","Maximize clicks","0.5","Pegada Carteles Sevilla",""pegada de carteles sevilla"","https://www.urbanstylepublicity.com/pegada-carteles/sevilla"
"Pegada Carteles Sevilla","30","Search","Maximize clicks","0.5","Pegada Carteles Dos Hermanas","[pegada de carteles dos hermanas]","https://www.urbanstylepublicity.com/pegada-carteles/sevilla/dos-hermanas"
"Pegada Carteles Sevilla","30","Search","Maximize clicks","0.5","Pegada Carteles Dos Hermanas",""pegada de carteles dos hermanas"","https://www.urbanstylepublicity.com/pegada-carteles/sevilla/dos-hermanas"
"Pegada Carteles Sevilla","30","Search","Maximize clicks","0.5","Pegada Carteles Alcalá Guadaíra","[pegada de carteles alcalá de guadaíra]","https://www.urbanstylepublicity.com/pegada-carteles/sevilla/alcala-de-guadaira"
"Pegada Carteles Sevilla","30","Search","Maximize clicks","0.5","Pegada Carteles Alcalá Guadaíra",""pegada de carteles alcalá de guadaíra"","https://www.urbanstylepublicity.com/pegada-carteles/sevilla/alcala-de-guadaira"
"Pegada Carteles Sevilla","30","Search","Maximize clicks","0.5","Pegada Carteles Utrera","[pegada de carteles utrera]","https://www.urbanstylepublicity.com/pegada-carteles/sevilla/utrera"
"Pegada Carteles Sevilla","30","Search","Maximize clicks","0.5","Pegada Carteles Utrera",""pegada de carteles utrera"","https://www.urbanstylepublicity.com/pegada-carteles/sevilla/utrera"
"Pegada Carteles Tarragona","30","Search","Maximize clicks","0.5","Pegada Carteles Tarragona","[pegada de carteles tarragona]","https://www.urbanstylepublicity.com/pegada-carteles/tarragona"
"Pegada Carteles Tarragona","30","Search","Maximize clicks","0.5","Pegada Carteles Tarragona",""pegada de carteles tarragona"","https://www.urbanstylepublicity.com/pegada-carteles/tarragona"
"Pegada Carteles Tarragona","30","Search","Maximize clicks","0.5","Pegada Carteles Reus","[pegada de carteles reus]","https://www.urbanstylepublicity.com/pegada-carteles/tarragona/reus"
"Pegada Carteles Tarragona","30","Search","Maximize clicks","0.5","Pegada Carteles Reus",""pegada de carteles reus"","https://www.urbanstylepublicity.com/pegada-carteles/tarragona/reus"
"Pegada Carteles Toledo","30","Search","Maximize clicks","0.5","Pegada Carteles Toledo","[pegada de carteles toledo]","https://www.urbanstylepublicity.com/pegada-carteles/toledo"
"Pegada Carteles Toledo","30","Search","Maximize clicks","0.5","Pegada Carteles Toledo",""pegada de carteles toledo"","https://www.urbanstylepublicity.com/pegada-carteles/toledo"
"Pegada Carteles Toledo","30","Search","Maximize clicks","0.5","Pegada Carteles Talavera de la Reina","[pegada de carteles talavera de la reina]","https://www.urbanstylepublicity.com/pegada-carteles/toledo/talavera"
"Pegada Carteles Toledo","30","Search","Maximize clicks","0.5","Pegada Carteles Talavera de la Reina",""pegada de carteles talavera de la reina"","https://www.urbanstylepublicity.com/pegada-carteles/toledo/talavera"
"Pegada Carteles Valencia","30","Search","Maximize clicks","0.5","Pegada Carteles Valencia","[pegada de carteles valencia]","https://www.urbanstylepublicity.com/pegada-carteles/valencia"
"Pegada Carteles Valencia","30","Search","Maximize clicks","0.5","Pegada Carteles Valencia",""pegada de carteles valencia"","https://www.urbanstylepublicity.com/pegada-carteles/valencia"
"Pegada Carteles Valencia","30","Search","Maximize clicks","0.5","Pegada Carteles Torrent","[pegada de carteles torrent]","https://www.urbanstylepublicity.com/pegada-carteles/valencia/torrent"
"Pegada Carteles Valencia","30","Search","Maximize clicks","0.5","Pegada Carteles Torrent",""pegada de carteles torrent"","https://www.urbanstylepublicity.com/pegada-carteles/valencia/torrent"
"Pegada Carteles Valencia","30","Search","Maximize clicks","0.5","Pegada Carteles Gandía","[pegada de carteles gandía]","https://www.urbanstylepublicity.com/pegada-carteles/valencia/gandia"
"Pegada Carteles Valencia","30","Search","Maximize clicks","0.5","Pegada Carteles Gandía",""pegada de carteles gandía"","https://www.urbanstylepublicity.com/pegada-carteles/valencia/gandia"
"Pegada Carteles Valencia","30","Search","Maximize clicks","0.5","Pegada Carteles Paterna","[pegada de carteles paterna]","https://www.urbanstylepublicity.com/pegada-carteles/valencia/paterna"
"Pegada Carteles Valencia","30","Search","Maximize clicks","0.5","Pegada Carteles Paterna",""pegada de carteles paterna"","https://www.urbanstylepublicity.com/pegada-carteles/valencia/paterna"
"Pegada Carteles Valencia","30","Search","Maximize clicks","0.5","Pegada Carteles Sagunto","[pegada de carteles sagunto]","https://www.urbanstylepublicity.com/pegada-carteles/valencia/sagunto"
"Pegada Carteles Valencia","30","Search","Maximize clicks","0.5","Pegada Carteles Sagunto",""pegada de carteles sagunto"","https://www.urbanstylepublicity.com/pegada-carteles/valencia/sagunto"
"Pegada Carteles Valencia","30","Search","Maximize clicks","0.5","Pegada Carteles Alzira","[pegada de carteles alzira]","https://www.urbanstylepublicity.com/pegada-carteles/valencia/alzira"
"Pegada Carteles Valencia","30","Search","Maximize clicks","0.5","Pegada Carteles Alzira",""pegada de carteles alzira"","https://www.urbanstylepublicity.com/pegada-carteles/valencia/alzira"
"Pegada Carteles Valencia","30","Search","Maximize clicks","0.5","Pegada Carteles Burjassot","[pegada de carteles burjassot]","https://www.urbanstylepublicity.com/pegada-carteles/valencia/burjassot"
"Pegada Carteles Valencia","30","Search","Maximize clicks","0.5","Pegada Carteles Burjassot",""pegada de carteles burjassot"","https://www.urbanstylepublicity.com/pegada-carteles/valencia/burjassot"
"Pegada Carteles Valladolid","30","Search","Maximize clicks","0.5","Pegada Carteles Valladolid","[pegada de carteles valladolid]","https://www.urbanstylepublicity.com/pegada-carteles/valladolid"
"Pegada Carteles Valladolid","30","Search","Maximize clicks","0.5","Pegada Carteles Valladolid",""pegada de carteles valladolid"","https://www.urbanstylepublicity.com/pegada-carteles/valladolid"
"Pegada Carteles Vizcaya","30","Search","Maximize clicks","0.5","Pegada Carteles Bilbao","[pegada de carteles bilbao]","https://www.urbanstylepublicity.com/pegada-carteles/vizcaya/bilbao"
"Pegada Carteles Vizcaya","30","Search","Maximize clicks","0.5","Pegada Carteles Bilbao",""pegada de carteles bilbao"","https://www.urbanstylepublicity.com/pegada-carteles/vizcaya/bilbao"
"Pegada Carteles Vizcaya","30","Search","Maximize clicks","0.5","Pegada Carteles Barakaldo","[pegada de carteles barakaldo]","https://www.urbanstylepublicity.com/pegada-carteles/vizcaya/barakaldo"
"Pegada Carteles Vizcaya","30","Search","Maximize clicks","0.5","Pegada Carteles Barakaldo",""pegada de carteles barakaldo"","https://www.urbanstylepublicity.com/pegada-carteles/vizcaya/barakaldo"
"Pegada Carteles Vizcaya","30","Search","Maximize clicks","0.5","Pegada Carteles Getxo","[pegada de carteles getxo]","https://www.urbanstylepublicity.com/pegada-carteles/vizcaya/getxo"
"Pegada Carteles Vizcaya","30","Search","Maximize clicks","0.5","Pegada Carteles Getxo",""pegada de carteles getxo"","https://www.urbanstylepublicity.com/pegada-carteles/vizcaya/getxo"
"Pegada Carteles Vizcaya","30","Search","Maximize clicks","0.5","Pegada Carteles Portugalete","[pegada de carteles portugalete]","https://www.urbanstylepublicity.com/pegada-carteles/vizcaya/portugalete"
"Pegada Carteles Vizcaya","30","Search","Maximize clicks","0.5","Pegada Carteles Portugalete",""pegada de carteles portugalete"","https://www.urbanstylepublicity.com/pegada-carteles/vizcaya/portugalete"
"Pegada Carteles Vizcaya","30","Search","Maximize clicks","0.5","Pegada Carteles Santurtzi","[pegada de carteles santurtzi]","https://www.urbanstylepublicity.com/pegada-carteles/vizcaya/santurtzi"
"Pegada Carteles Vizcaya","30","Search","Maximize clicks","0.5","Pegada Carteles Santurtzi",""pegada de carteles santurtzi"","https://www.urbanstylepublicity.com/pegada-carteles/vizcaya/santurtzi"
"Pegada Carteles Zamora","30","Search","Maximize clicks","0.5","Pegada Carteles Zamora","[pegada de carteles zamora]","https://www.urbanstylepublicity.com/pegada-carteles/zamora"
"Pegada Carteles Zamora","30","Search","Maximize clicks","0.5","Pegada Carteles Zamora",""pegada de carteles zamora"","https://www.urbanstylepublicity.com/pegada-carteles/zamora"
"Pegada Carteles Zaragoza","30","Search","Maximize clicks","0.5","Pegada Carteles Zaragoza","[pegada de carteles zaragoza]","https://www.urbanstylepublicity.com/pegada-carteles/zaragoza"
"Pegada Carteles Zaragoza","30","Search","Maximize clicks","0.5","Pegada Carteles Zaragoza",""pegada de carteles zaragoza"","https://www.urbanstylepublicity.com/pegada-carteles/zaragoza"
"Pegada Carteles España","30","Search","Maximize clicks","0.5","Pegada Carteles España","[pegada de carteles]","https://www.urbanstylepublicity.com/pegada-carteles"
"Pegada Carteles España","30","Search","Maximize clicks","0.5","Pegada Carteles España","[servicio de pegada de carteles]","https://www.urbanstylepublicity.com/pegada-carteles"
"Pegada Carteles España","30","Search","Maximize clicks","0.5","Pegada Carteles España","[empresa de pegada de carteles]","https://www.urbanstylepublicity.com/pegada-carteles"
"Pegada Carteles España","30","Search","Maximize clicks","0.5","Pegada Carteles España","[pegada de carteles profesional]","https://www.urbanstylepublicity.com/pegada-carteles"
"Pegada Carteles España","30","Search","Maximize clicks","0.5","Pegada Carteles España","[publicidad con carteles]","https://www.urbanstylepublicity.com/pegada-carteles"
"Pegada Carteles España","30","Search","Maximize clicks","0.5","Pegada Carteles España",""pegada de carteles"","https://www.urbanstylepublicity.com/pegada-carteles"
"Pegada Carteles España","30","Search","Maximize clicks","0.5","Pegada Carteles España",""servicio de pegada de carteles"","https://www.urbanstylepublicity.com/pegada-carteles"
"Pegada Carteles España","30","Search","Maximize clicks","0.5","Pegada Carteles España",""empresa de pegada de carteles"","https://www.urbanstylepublicity.com/pegada-carteles"
"Pegada Carteles España","30","Search","Maximize clicks","0.5","Pegada Carteles España",""pegada de carteles publicitarios"","https://www.urbanstylepublicity.com/pegada-carteles"
"Pegada Carteles España","30","Search","Maximize clicks","0.5","Pegada Carteles España",""publicidad con carteles"","https://www.urbanstylepublicity.com/pegada-carteles"