Campaign,Ad Group,Negative keyword
"Pegada Carteles España","Pegada Carteles España","vitoria-gasteiz"
"Pegada Carteles España","Pegada Carteles España","albacete"
"Pegada Carteles España","Pegada Carteles España","alicante"
"Pegada Carteles España","Pegada Carteles España","elche"
"Pegada Carteles España","Pegada Carteles España","torrevieja"
"Pegada Carteles España","Pegada Carteles España","orihuela"
"Pegada Carteles España","Pegada Carteles España","benidorm"
"Pegada Carteles España","Pegada Carteles España","alcoy"
"Pegada Carteles España","Pegada Carteles España","san vicente del raspeig"
"Pegada Carteles España","Pegada Carteles España","elda"
"Pegada Carteles España","Pegada Carteles España","almería"
"Pegada Carteles España","Pegada Carteles España","roquetas de mar"
"Pegada Carteles España","Pegada Carteles España","el ejido"
"Pegada Carteles España","Pegada Carteles España","gijón"
"Pegada Carteles España","Pegada Carteles España","oviedo"
"Pegada Carteles España","Pegada Carteles España","avilés"
"Pegada Carteles España","Pegada Carteles España","ávila"
"Pegada Carteles España","Pegada Carteles España","badajoz"
"Pegada Carteles España","Pegada Carteles España","mérida"
"Pegada Carteles España","Pegada Carteles España","don benito"
"Pegada Carteles España","Pegada Carteles España","palma de mallorca"
"Pegada Carteles España","Pegada Carteles España","calvià"
"Pegada Carteles España","Pegada Carteles España","ibiza"
"Pegada Carteles España","Pegada Carteles España","manacor"
"Pegada Carteles España","Pegada Carteles España","santa eulalia del río"
"Pegada Carteles España","Pegada Carteles España","barcelona"
"Pegada Carteles España","Pegada Carteles España","l'hospitalet de llobregat"
"Pegada Carteles España","Pegada Carteles España","badalona"
"Pegada Carteles España","Pegada Carteles España","terrassa"
"Pegada Carteles España","Pegada Carteles España","sabadell"
"Pegada Carteles España","Pegada Carteles España","mataró"
"Pegada Carteles España","Pegada Carteles España","santa coloma de gramenet"
"Pegada Carteles España","Pegada Carteles España","cornellà de llobregat"
"Pegada Carteles España","Pegada Carteles España","sant boi de llobregat"
"Pegada Carteles España","Pegada Carteles España","sant cugat del vallès"
"Pegada Carteles España","Pegada Carteles España","castelldefels"
"Pegada Carteles España","Pegada Carteles España","viladecans"
"Pegada Carteles España","Pegada Carteles España","el prat de llobregat"
"Pegada Carteles España","Pegada Carteles España","granollers"
"Pegada Carteles España","Pegada Carteles España","cerdanyola del vallès"
"Pegada Carteles España","Pegada Carteles España","mollet del vallès"
"Pegada Carteles España","Pegada Carteles España","vic"
"Pegada Carteles España","Pegada Carteles España","vilanova i la geltrú"
"Pegada Carteles España","Pegada Carteles España","burgos"
"Pegada Carteles España","Pegada Carteles España","cáceres"
"Pegada Carteles España","Pegada Carteles España","jerez de la frontera"
"Pegada Carteles España","Pegada Carteles España","algeciras"
"Pegada Carteles España","Pegada Carteles España","cádiz"
"Pegada Carteles España","Pegada Carteles España","san fernando"
"Pegada Carteles España","Pegada Carteles España","el puerto de santa maría"
"Pegada Carteles España","Pegada Carteles España","chiclana de la frontera"
"Pegada Carteles España","Pegada Carteles España","sanlúcar de barrameda"
"Pegada Carteles España","Pegada Carteles España","la línea de la concepción"
"Pegada Carteles España","Pegada Carteles España","santander"
"Pegada Carteles España","Pegada Carteles España","torrelavega"
"Pegada Carteles España","Pegada Carteles España","castellón de la plana"
"Pegada Carteles España","Pegada Carteles España","vila-real"
"Pegada Carteles España","Pegada Carteles España","ceuta"
"Pegada Carteles España","Pegada Carteles España","ciudad real"
"Pegada Carteles España","Pegada Carteles España","puertollano"
"Pegada Carteles España","Pegada Carteles España","córdoba"
"Pegada Carteles España","Pegada Carteles España","a coruña"
"Pegada Carteles España","Pegada Carteles España","santiago de compostela"
"Pegada Carteles España","Pegada Carteles España","ferrol"
"Pegada Carteles España","Pegada Carteles España","cuenca"
"Pegada Carteles España","Pegada Carteles España","girona"
"Pegada Carteles España","Pegada Carteles España","figueres"
"Pegada Carteles España","Pegada Carteles España","granada"
"Pegada Carteles España","Pegada Carteles España","motril"
"Pegada Carteles España","Pegada Carteles España","guadalajara"
"Pegada Carteles España","Pegada Carteles España","san sebastián"
"Pegada Carteles España","Pegada Carteles España","irún"
"Pegada Carteles España","Pegada Carteles España","huelva"
"Pegada Carteles España","Pegada Carteles España","huesca"
"Pegada Carteles España","Pegada Carteles España","jaén"
"Pegada Carteles España","Pegada Carteles España","linares"
"Pegada Carteles España","Pegada Carteles España","león"
"Pegada Carteles España","Pegada Carteles España","ponferrada"
"Pegada Carteles España","Pegada Carteles España","lleida"
"Pegada Carteles España","Pegada Carteles España","lugo"
"Pegada Carteles España","Pegada Carteles España","madrid"
"Pegada Carteles España","Pegada Carteles España","móstoles"
"Pegada Carteles España","Pegada Carteles España","alcalá de henares"
"Pegada Carteles España","Pegada Carteles España","leganés"
"Pegada Carteles España","Pegada Carteles España","getafe"
"Pegada Carteles España","Pegada Carteles España","fuenlabrada"
"Pegada Carteles España","Pegada Carteles España","alcorcón"
"Pegada Carteles España","Pegada Carteles España","torrejón de ardoz"
"Pegada Carteles España","Pegada Carteles España","parla"
"Pegada Carteles España","Pegada Carteles España","alcobendas"
"Pegada Carteles España","Pegada Carteles España","pozuelo de alarcón"
"Pegada Carteles España","Pegada Carteles España","san sebastián de los reyes"
"Pegada Carteles España","Pegada Carteles España","las rozas de madrid"
"Pegada Carteles España","Pegada Carteles España","rivas-vaciamadrid"
"Pegada Carteles España","Pegada Carteles España","coslada"
"Pegada Carteles España","Pegada Carteles España","valdemoro"
"Pegada Carteles España","Pegada Carteles España","majadahonda"
"Pegada Carteles España","Pegada Carteles España","collado villalba"
"Pegada Carteles España","Pegada Carteles España","aranjuez"
"Pegada Carteles España","Pegada Carteles España","arganda del rey"
"Pegada Carteles España","Pegada Carteles España","boadilla del monte"
"Pegada Carteles España","Pegada Carteles España","pinto"
"Pegada Carteles España","Pegada Carteles España","colmenar viejo"
"Pegada Carteles España","Pegada Carteles España","san fernando de henares"
"Pegada Carteles España","Pegada Carteles España","málaga"
"Pegada Carteles España","Pegada Carteles España","marbella"
"Pegada Carteles España","Pegada Carteles España","mijas"
"Pegada Carteles España","Pegada Carteles España","fuengirola"
"Pegada Carteles España","Pegada Carteles España","vélez-málaga"
"Pegada Carteles España","Pegada Carteles España","estepona"
"Pegada Carteles España","Pegada Carteles España","torremolinos"
"Pegada Carteles España","Pegada Carteles España","benalmádena"
"Pegada Carteles España","Pegada Carteles España","melilla"
"Pegada Carteles España","Pegada Carteles España","murcia"
"Pegada Carteles España","Pegada Carteles España","cartagena"
"Pegada Carteles España","Pegada Carteles España","lorca"
"Pegada Carteles España","Pegada Carteles España","molina de segura"
"Pegada Carteles España","Pegada Carteles España","pamplona"
"Pegada Carteles España","Pegada Carteles España","ourense"
"Pegada Carteles España","Pegada Carteles España","palencia"
"Pegada Carteles España","Pegada Carteles España","las palmas de gran canaria"
"Pegada Carteles España","Pegada Carteles España","telde"
"Pegada Carteles España","Pegada Carteles España","santa lucía de tirajana"
"Pegada Carteles España","Pegada Carteles España","arrecife"
"Pegada Carteles España","Pegada Carteles España","san bartolomé de tirajana"
"Pegada Carteles España","Pegada Carteles España","vigo"
"Pegada Carteles España","Pegada Carteles España","pontevedra"
"Pegada Carteles España","Pegada Carteles España","logroño"
"Pegada Carteles España","Pegada Carteles España","salamanca"
"Pegada Carteles España","Pegada Carteles España","santa cruz de tenerife"
"Pegada Carteles España","Pegada Carteles España","san cristóbal de la laguna"
"Pegada Carteles España","Pegada Carteles España","arona"
"Pegada Carteles España","Pegada Carteles España","adeje"
"Pegada Carteles España","Pegada Carteles España","segovia"
"Pegada Carteles España","Pegada Carteles España","sevilla"
"Pegada Carteles España","Pegada Carteles España","dos hermanas"
"Pegada Carteles España","Pegada Carteles España","alcalá de guadaíra"
"Pegada Carteles España","Pegada Carteles España","utrera"
"Pegada Carteles España","Pegada Carteles España","tarragona"
"Pegada Carteles España","Pegada Carteles España","reus"
"Pegada Carteles España","Pegada Carteles España","toledo"
"Pegada Carteles España","Pegada Carteles España","talavera de la reina"
"Pegada Carteles España","Pegada Carteles España","valencia"
"Pegada Carteles España","Pegada Carteles España","torrent"
"Pegada Carteles España","Pegada Carteles España","gandía"
"Pegada Carteles España","Pegada Carteles España","paterna"
"Pegada Carteles España","Pegada Carteles España","sagunto"
"Pegada Carteles España","Pegada Carteles España","alzira"
"Pegada Carteles España","Pegada Carteles España","burjassot"
"Pegada Carteles España","Pegada Carteles España","valladolid"
"Pegada Carteles España","Pegada Carteles España","bilbao"
"Pegada Carteles España","Pegada Carteles España","barakaldo"
"Pegada Carteles España","Pegada Carteles España","getxo"
"Pegada Carteles España","Pegada Carteles España","portugalete"
"Pegada Carteles España","Pegada Carteles España","santurtzi"
"Pegada Carteles España","Pegada Carteles España","zamora"
"Pegada Carteles España","Pegada Carteles España","zaragoza"